ship_id,ship_name,ship_type,build_year,capacity_tons
1,Ship_1,Tanker,1982,5310
2,Ship_2,Container,2019,69343
3,Ship_3,Reefer,1985,88969
4,Ship_4,Bulk Carrier,2013,81408
5,Ship_5,Bulk Carrier,1991,146082
6,Ship_6,Passenger,1999,93484
7,Ship_7,Container,1988,125325
8,Ship_8,Reefer,1993,193377
9,Ship_9,Tanker,1998,165388
10,Ship_10,Tanker,1983,79485
11,Ship_11,Passenger,2002,86169
12,Ship_12,Bulk Carrier,1996,16886
13,Ship_13,Passenger,1998,74416
14,Ship_14,Reefer,1991,189539
15,Ship_15,Passenger,2007,15123
16,Ship_16,Tanker,2014,87093
17,Ship_17,Bulk Carrier,1987,53172
18,Ship_18,Passenger,2008,89397
19,Ship_19,Tanker,2010,196640
20,Ship_20,Container,2017,190849
21,Ship_21,Bulk Carrier,1993,40576
22,Ship_22,Tanker,1992,89424
23,Ship_23,Tanker,2006,38125
24,Ship_24,Container,1996,71781
25,Ship_25,Container,2005,177303
26,Ship_26,Reefer,2013,12734
27,Ship_27,Reefer,1996,102297
28,Ship_28,Bulk Carrier,2018,13438
29,Ship_29,Bulk Carrier,1986,71118
30,Ship_30,Container,1999,21086
31,Ship_31,Bulk Carrier,1980,63772
32,Ship_32,Passenger,2013,53030
33,Ship_33,Reefer,2003,149628
34,Ship_34,Passenger,2005,80547
35,Ship_35,Tanker,1983,106917
36,Ship_36,Tanker,2012,160565
37,Ship_37,Container,1992,41478
38,Ship_38,Passenger,1991,55857
39,Ship_39,Container,2001,75979
40,Ship_40,Bulk Carrier,2015,123162
41,Ship_41,Tanker,2002,169562
42,Ship_42,Reefer,2002,196471
43,Ship_43,Tanker,1991,11341
44,Ship_44,Reefer,1988,193287
45,Ship_45,Passenger,1990,116129
46,Ship_46,Reefer,2009,129895
47,Ship_47,Container,1988,127036
48,Ship_48,Bulk Carrier,2006,38125
49,Ship_49,Tanker,1989,21038
50,Ship_50,Bulk Carrier,1980,47921
51,Ship_51,Container,2008,111244
52,Ship_52,Passenger,2002,153507
53,Ship_53,Passenger,2012,152140
54,Ship_54,Tanker,1997,182386
55,Ship_55,Tanker,2014,32552
56,Ship_56,Reefer,2015,186569
57,Ship_57,Tanker,1995,54195
58,Ship_58,Bulk Carrier,1992,79847
59,Ship_59,Bulk Carrier,2003,10800
60,Ship_60,Bulk Carrier,1980,31695
61,Ship_61,Passenger,2019,80400
62,Ship_62,Tanker,2014,104561
63,Ship_63,Reefer,1999,141581
64,Ship_64,Reefer,2014,100970
65,Ship_65,Bulk Carrier,1980,24490
66,Ship_66,Container,2003,194445
67,Ship_67,Reefer,1998,11082
68,Ship_68,Tanker,2000,195074
69,Ship_69,Bulk Carrier,2014,86614
70,Ship_70,Passenger,1996,163675
71,Ship_71,Passenger,2006,157585
72,Ship_72,Reefer,1997,86943
73,Ship_73,Bulk Carrier,2007,177974
74,Ship_74,Passenger,2018,77354
75,Ship_75,Bulk Carrier,2008,9214
76,Ship_76,Reefer,1992,47738
77,Ship_77,Tanker,2009,110728
78,Ship_78,Tanker,2014,52056
79,Ship_79,Reefer,2018,141444
80,Ship_80,Container,2013,22702
81,Ship_81,Bulk Carrier,1997,34372
82,Ship_82,Tanker,2005,5986
83,Ship_83,Passenger,2016,154288
84,Ship_84,Reefer,1996,159347
85,Ship_85,Container,1992,102277
86,Ship_86,Bulk Carrier,2005,136653
87,Ship_87,Tanker,2005,153534
88,Ship_88,Passenger,1996,22623
89,Ship_89,Passenger,2011,162534
90,Ship_90,Container,2006,188870
91,Ship_91,Bulk Carrier,1984,13863
92,Ship_92,Passenger,1985,98528
93,Ship_93,Tanker,2010,35192
94,Ship_94,Bulk Carrier,1994,62159
95,Ship_95,Passenger,2010,76264
96,Ship_96,Reefer,2007,47766
97,Ship_97,Tanker,2017,65602
98,Ship_98,Tanker,2011,184512
99,Ship_99,Passenger,1982,114161
100,Ship_100,Reefer,2001,185996
101,Ship_101,Container,2017,175606
102,Ship_102,Tanker,2012,149396
103,Ship_103,Passenger,2015,107989
104,Ship_104,Container,1996,120524
105,Ship_105,Bulk Carrier,1983,175021
106,Ship_106,Reefer,2015,144841
107,Ship_107,Bulk Carrier,2009,31093
108,Ship_108,Reefer,1986,197172
109,Ship_109,Container,2012,186981
110,Ship_110,Tanker,1982,185777
111,Ship_111,Tanker,2018,69843
112,Ship_112,Passenger,2000,193494
113,Ship_113,Passenger,1998,185868
114,Ship_114,Container,2007,127672
115,Ship_115,Tanker,2001,49715
116,Ship_116,Reefer,2017,54910
117,Ship_117,Bulk Carrier,1998,15119
118,Ship_118,Container,2009,35593
119,Ship_119,Reefer,1986,71782
120,Ship_120,Tanker,2017,51963
121,Ship_121,Reefer,1986,143703
122,Ship_122,Tanker,1990,56501
123,Ship_123,Container,2017,85417
124,Ship_124,Container,2020,149261
125,Ship_125,Tanker,1982,194927
126,Ship_126,Bulk Carrier,2013,172241
127,Ship_127,Bulk Carrier,1987,105232
128,Ship_128,Reefer,1988,150526
129,Ship_129,Container,2011,69505
130,Ship_130,Passenger,1987,116348
131,Ship_131,Passenger,1990,91600
132,Ship_132,Container,1980,109105
133,Ship_133,Bulk Carrier,2000,23385
134,Ship_134,Container,2000,114817
135,Ship_135,Reefer,2004,71404
136,Ship_136,Passenger,2012,84083
137,Ship_137,Tanker,1991,181808
138,Ship_138,Bulk Carrier,2006,152486
139,Ship_139,Bulk Carrier,1982,155671
140,Ship_140,Tanker,2019,102957
141,Ship_141,Passenger,1985,15690
142,Ship_142,Reefer,2008,127152
143,Ship_143,Tanker,1987,152247
144,Ship_144,Bulk Carrier,2013,48841
145,Ship_145,Container,2011,193606
146,Ship_146,Tanker,1981,188947
147,Ship_147,Reefer,1982,170143
148,Ship_148,Tanker,2004,170654
149,Ship_149,Passenger,1983,86295
150,Ship_150,Container,1985,184603
151,Ship_151,Container,2003,129327
152,Ship_152,Container,2008,7066
153,Ship_153,Tanker,1997,27450
154,Ship_154,Reefer,1989,16416
155,Ship_155,Tanker,1984,152087
156,Ship_156,Tanker,2012,105104
157,Ship_157,Tanker,1984,6733
158,Ship_158,Reefer,2003,19876
159,Ship_159,Container,1996,67202
160,Ship_160,Tanker,1992,136969
161,Ship_161,Reefer,2018,39253
162,Ship_162,Bulk Carrier,1999,38662
163,Ship_163,Container,1982,97084
164,Ship_164,Passenger,1999,67975
165,Ship_165,Passenger,2010,113896
166,Ship_166,Tanker,1991,104673
167,Ship_167,Passenger,2006,72275
168,Ship_168,Passenger,1980,158906
169,Ship_169,Reefer,1998,10697
170,Ship_170,Tanker,1981,102468
171,Ship_171,Tanker,1991,40839
172,Ship_172,Passenger,1996,65889
173,Ship_173,Reefer,2011,142157
174,Ship_174,Tanker,1993,151608
175,Ship_175,Container,2011,74455
176,Ship_176,Container,1989,80176
177,Ship_177,Tanker,1999,162411
178,Ship_178,Bulk Carrier,2004,86652
179,Ship_179,Tanker,2002,144167
180,Ship_180,Passenger,2016,62712
181,Ship_181,Container,2014,80217
182,Ship_182,Bulk Carrier,2005,143701
183,Ship_183,Bulk Carrier,2002,102407
184,Ship_184,Tanker,1992,55659
185,Ship_185,Container,1999,187689
186,Ship_186,Container,2012,22476
187,Ship_187,Bulk Carrier,1982,155270
188,Ship_188,Tanker,1982,54805
189,Ship_189,Tanker,1986,70936
190,Ship_190,Tanker,1988,63746
191,Ship_191,Passenger,1996,116380
192,Ship_192,Bulk Carrier,1985,134054
193,Ship_193,Passenger,1984,61161
194,Ship_194,Reefer,1994,197574
195,Ship_195,Passenger,1993,101600
196,Ship_196,Reefer,1991,139778
197,Ship_197,Reefer,1998,184903
198,Ship_198,Bulk Carrier,2010,88232
199,Ship_199,Container,2009,90608
200,Ship_200,Tanker,1994,156009
201,Ship_201,Passenger,2013,190384
202,Ship_202,Passenger,1988,51338
203,Ship_203,Container,2005,97426
204,Ship_204,Passenger,2004,192120
205,Ship_205,Tanker,2015,93591
206,Ship_206,Container,1981,195574
207,Ship_207,Tanker,2016,47703
208,Ship_208,Tanker,1993,86248
209,Ship_209,Container,2019,175042
210,Ship_210,Bulk Carrier,2003,193128
211,Ship_211,Container,2019,71375
212,Ship_212,Tanker,2010,5320
213,Ship_213,Container,2002,61922
214,Ship_214,Reefer,1996,23270
215,Ship_215,Passenger,2009,176626
216,Ship_216,Reefer,2003,54852
217,Ship_217,Tanker,2013,149380
218,Ship_218,Tanker,2011,118750
219,Ship_219,Reefer,1985,57584
220,Ship_220,Reefer,2012,70803
221,Ship_221,Passenger,1992,21937
222,Ship_222,Tanker,1981,90577
223,Ship_223,Container,2013,60868
224,Ship_224,Tanker,1986,60640
225,Ship_225,Passenger,2015,181603
226,Ship_226,Container,1984,86397
227,Ship_227,Passenger,2009,170482
228,Ship_228,Tanker,1986,13444
229,Ship_229,Reefer,2000,105525
230,Ship_230,Reefer,2002,177556
231,Ship_231,Tanker,1984,43218
232,Ship_232,Tanker,1990,112853
233,Ship_233,Tanker,2002,145439
234,Ship_234,Tanker,2009,14166
235,Ship_235,Bulk Carrier,2006,69212
236,Ship_236,Bulk Carrier,2010,82701
237,Ship_237,Tanker,2002,156609
238,Ship_238,Reefer,2016,194290
239,Ship_239,Bulk Carrier,1991,178473
240,Ship_240,Passenger,1999,65518
241,Ship_241,Reefer,2015,181109
242,Ship_242,Bulk Carrier,1981,34220
243,Ship_243,Container,1981,43395
244,Ship_244,Reefer,1984,85335
245,Ship_245,Reefer,2005,123881
246,Ship_246,Reefer,2017,10152
247,Ship_247,Passenger,1988,32170
248,Ship_248,Bulk Carrier,1980,90598
249,Ship_249,Bulk Carrier,1998,170125
250,Ship_250,Reefer,2002,83454
251,Ship_251,Bulk Carrier,1999,189546
252,Ship_252,Container,2003,46693
253,Ship_253,Passenger,2001,75665
254,Ship_254,Passenger,2009,116937
255,Ship_255,Container,1983,28939
256,Ship_256,Container,1995,171595
257,Ship_257,Bulk Carrier,1987,11234
258,Ship_258,Passenger,2002,161413
259,Ship_259,Tanker,2007,192087
260,Ship_260,Reefer,2019,57982
261,Ship_261,Reefer,1980,192409
262,Ship_262,Bulk Carrier,2016,195635
263,Ship_263,Container,1991,173079
264,Ship_264,Container,1991,139173
265,Ship_265,Passenger,1988,186692
266,Ship_266,Container,2019,154826
267,Ship_267,Container,2009,136404
268,Ship_268,Reefer,2003,27613
269,Ship_269,Tanker,2020,195576
270,Ship_270,Tanker,1984,142671
271,Ship_271,Tanker,2000,62968
272,Ship_272,Reefer,1998,53915
273,Ship_273,Container,1983,42969
274,Ship_274,Reefer,1981,181474
275,Ship_275,Passenger,2011,113675
276,Ship_276,Passenger,2017,109235
277,Ship_277,Reefer,1991,73067
278,Ship_278,Container,2000,190435
279,Ship_279,Reefer,1985,116006
280,Ship_280,Tanker,1987,78108
281,Ship_281,Bulk Carrier,1988,196677
282,Ship_282,Reefer,1988,85191
283,Ship_283,Bulk Carrier,2013,94725
284,Ship_284,Bulk Carrier,2001,100113
285,Ship_285,Bulk Carrier,1999,64917
286,Ship_286,Bulk Carrier,2009,13623
287,Ship_287,Container,2010,120665
288,Ship_288,Passenger,1985,81066
289,Ship_289,Reefer,1983,128546
290,Ship_290,Reefer,1983,125494
291,Ship_291,Reefer,2016,168751
292,Ship_292,Container,1992,89560
293,Ship_293,Bulk Carrier,2005,125778
294,Ship_294,Container,2002,34169
295,Ship_295,Reefer,1985,139474
296,Ship_296,Reefer,2005,173028
297,Ship_297,Tanker,1997,183931
298,Ship_298,Container,1980,124759
299,Ship_299,Bulk Carrier,1991,66832
300,Ship_300,Tanker,2010,6481
301,Ship_301,Passenger,1985,57517
302,Ship_302,Bulk Carrier,1995,148656
303,Ship_303,Bulk Carrier,2006,151094
304,Ship_304,Passenger,1991,29544
305,Ship_305,Passenger,2017,67755
306,Ship_306,Reefer,1990,21812
307,Ship_307,Tanker,1991,173767
308,Ship_308,Passenger,2001,42796
309,Ship_309,Passenger,1988,81569
310,Ship_310,Passenger,1998,39992
311,Ship_311,Tanker,1982,113427
312,Ship_312,Tanker,2008,142884
313,Ship_313,Bulk Carrier,1995,152144
314,Ship_314,Bulk Carrier,2003,107072
315,Ship_315,Tanker,1982,196866
316,Ship_316,Reefer,2011,53161
317,Ship_317,Bulk Carrier,1987,198299
318,Ship_318,Container,1998,134140
319,Ship_319,Reefer,1985,129322
320,Ship_320,Passenger,1990,93048
321,Ship_321,Bulk Carrier,1983,183379
322,Ship_322,Container,2018,82990
323,Ship_323,Bulk Carrier,2001,85737
324,Ship_324,Passenger,1981,185824
325,Ship_325,Reefer,2001,37267
326,Ship_326,Bulk Carrier,2015,20856
327,Ship_327,Tanker,2002,52606
328,Ship_328,Bulk Carrier,1990,161303
329,Ship_329,Bulk Carrier,1980,112440
330,Ship_330,Tanker,1986,99079
331,Ship_331,Tanker,1990,27577
332,Ship_332,Reefer,1998,183742
333,Ship_333,Passenger,1990,170065
334,Ship_334,Tanker,2000,66467
335,Ship_335,Container,2008,143274
336,Ship_336,Container,1984,136147
337,Ship_337,Passenger,2010,91448
338,Ship_338,Tanker,2013,161157
339,Ship_339,Container,1994,176957
340,Ship_340,Reefer,2012,77536
341,Ship_341,Container,2006,14566
342,Ship_342,Reefer,1981,109805
343,Ship_343,Reefer,1999,186806
344,Ship_344,Passenger,1981,122316
345,Ship_345,Container,2008,164687
346,Ship_346,Bulk Carrier,2015,34886
347,Ship_347,Bulk Carrier,2001,102767
348,Ship_348,Container,2001,8279
349,Ship_349,Container,1992,7995
350,Ship_350,Reefer,2012,145269
351,Ship_351,Tanker,2007,41585
352,Ship_352,Container,1984,122920
353,Ship_353,Container,1980,129879
354,Ship_354,Reefer,2015,134190
355,Ship_355,Tanker,1988,176676
356,Ship_356,Tanker,2006,124210
357,Ship_357,Passenger,2014,75804
358,Ship_358,Passenger,2018,33136
359,Ship_359,Passenger,1998,135082
360,Ship_360,Reefer,2003,168101
361,Ship_361,Tanker,1990,191046
362,Ship_362,Reefer,2019,55805
363,Ship_363,Reefer,1994,91253
364,Ship_364,Container,2009,173812
365,Ship_365,Bulk Carrier,1992,171736
366,Ship_366,Reefer,1983,123769
367,Ship_367,Bulk Carrier,2007,123138
368,Ship_368,Passenger,2013,132590
369,Ship_369,Bulk Carrier,1983,120950
370,Ship_370,Passenger,1998,141609
371,Ship_371,Container,2020,68624
372,Ship_372,Bulk Carrier,1997,166542
373,Ship_373,Passenger,2016,145216
374,Ship_374,Passenger,1983,196154
375,Ship_375,Bulk Carrier,1997,22248
376,Ship_376,Reefer,2007,25536
377,Ship_377,Passenger,1991,78725
378,Ship_378,Reefer,2000,166014
379,Ship_379,Bulk Carrier,1982,44995
380,Ship_380,Passenger,1982,123423
381,Ship_381,Bulk Carrier,2002,169332
382,Ship_382,Container,2016,11954
383,Ship_383,Bulk Carrier,1989,85144
384,Ship_384,Container,2005,120718
385,Ship_385,Tanker,2000,161366
386,Ship_386,Passenger,1997,147376
387,Ship_387,Reefer,1998,179497
388,Ship_388,Bulk Carrier,2015,46060
389,Ship_389,Reefer,1982,128039
390,Ship_390,Reefer,2012,22156
391,Ship_391,Bulk Carrier,2015,6893
392,Ship_392,Reefer,1983,52988
393,Ship_393,Container,1992,101830
394,Ship_394,Reefer,2017,113552
395,Ship_395,Reefer,2020,132594
396,Ship_396,Passenger,1980,129011
397,Ship_397,Tanker,1983,149758
398,Ship_398,Tanker,1985,199455
399,Ship_399,Tanker,2009,82507
400,Ship_400,Bulk Carrier,1980,81673
401,Ship_401,Tanker,1993,89068
402,Ship_402,Bulk Carrier,1982,154751
403,Ship_403,Container,2013,166551
404,Ship_404,Bulk Carrier,1990,85576
405,Ship_405,Container,1999,54084
406,Ship_406,Bulk Carrier,2015,21818
407,Ship_407,Tanker,2015,131298
408,Ship_408,Tanker,1999,88208
409,Ship_409,Container,2020,158480
410,Ship_410,Bulk Carrier,1988,26502
411,Ship_411,Container,1990,94660
412,Ship_412,Tanker,2014,63384
413,Ship_413,Reefer,2003,114150
414,Ship_414,Container,1986,166306
415,Ship_415,Passenger,2006,75156
416,Ship_416,Reefer,1982,114978
417,Ship_417,Passenger,2020,46443
418,Ship_418,Bulk Carrier,1990,44152
419,Ship_419,Container,1983,81382
420,Ship_420,Bulk Carrier,2005,31888
421,Ship_421,Reefer,1989,15044
422,Ship_422,Tanker,2004,119237
423,Ship_423,Passenger,2015,75772
424,Ship_424,Container,2006,114750
425,Ship_425,Bulk Carrier,2008,124608
426,Ship_426,Tanker,1989,24926
427,Ship_427,Passenger,2012,120969
428,Ship_428,Tanker,2010,83533
429,Ship_429,Tanker,2020,139042
430,Ship_430,Tanker,1987,12653
431,Ship_431,Passenger,1989,141191
432,Ship_432,Container,2001,14843
433,Ship_433,Bulk Carrier,1985,138213
434,Ship_434,Tanker,2002,187042
435,Ship_435,Container,1983,146267
436,Ship_436,Reefer,1983,92286
437,Ship_437,Tanker,1994,199687
438,Ship_438,Reefer,2008,32189
439,Ship_439,Tanker,2006,9562
440,Ship_440,Tanker,1998,146808
441,Ship_441,Container,2000,36693
442,Ship_442,Bulk Carrier,1984,164231
443,Ship_443,Reefer,1993,37997
444,Ship_444,Container,1983,168332
445,Ship_445,Passenger,2016,51457
446,Ship_446,Tanker,2004,81035
447,Ship_447,Passenger,1989,118100
448,Ship_448,Bulk Carrier,1982,23061
449,Ship_449,Passenger,2016,158131
450,Ship_450,Bulk Carrier,2012,155490
451,Ship_451,Passenger,1980,147243
452,Ship_452,Passenger,2013,131743
453,Ship_453,Passenger,1988,62380
454,Ship_454,Container,2004,161488
455,Ship_455,Bulk Carrier,2010,96056
456,Ship_456,Container,1985,115688
457,Ship_457,Container,1984,167533
458,Ship_458,Reefer,2007,117965
459,Ship_459,Reefer,1994,116660
460,Ship_460,Bulk Carrier,1992,161186
461,Ship_461,Passenger,1983,139874
462,Ship_462,Reefer,1989,136127
463,Ship_463,Passenger,1991,168485
464,Ship_464,Passenger,1999,144118
465,Ship_465,Container,2003,160738
466,Ship_466,Tanker,2004,133089
467,Ship_467,Bulk Carrier,2015,41079
468,Ship_468,Bulk Carrier,2012,27516
469,Ship_469,Container,2007,57992
470,Ship_470,Container,2012,177387
471,Ship_471,Bulk Carrier,1980,115187
472,Ship_472,Tanker,2018,121991
473,Ship_473,Passenger,2009,14810
474,Ship_474,Bulk Carrier,1982,141027
475,Ship_475,Tanker,2006,135996
476,Ship_476,Tanker,1989,104677
477,Ship_477,Passenger,1987,13062
478,Ship_478,Container,2007,119218
479,Ship_479,Container,2017,72785
480,Ship_480,Reefer,1991,40760
481,Ship_481,Tanker,2014,88546
482,Ship_482,Tanker,1986,153021
483,Ship_483,Tanker,1985,140060
484,Ship_484,Passenger,1989,87711
485,Ship_485,Container,1988,170642
486,Ship_486,Bulk Carrier,1989,25744
487,Ship_487,Bulk Carrier,1993,34154
488,Ship_488,Passenger,2017,55548
489,Ship_489,Tanker,1992,38088
490,Ship_490,Container,2003,103712
491,Ship_491,Container,2005,27678
492,Ship_492,Tanker,1996,85654
493,Ship_493,Reefer,1996,86399
494,Ship_494,Passenger,2016,68714
495,Ship_495,Bulk Carrier,2008,61491
496,Ship_496,Container,1995,133034
497,Ship_497,Tanker,2013,183786
498,Ship_498,Container,2006,190192
499,Ship_499,Passenger,2004,150591
500,Ship_500,Bulk Carrier,1988,127222
501,Ship_501,Bulk Carrier,2016,19174
502,Ship_502,Reefer,1989,118809
503,Ship_503,Tanker,1983,125281
504,Ship_504,Container,2005,145811
505,Ship_505,Bulk Carrier,2012,176754
506,Ship_506,Tanker,1983,191945
507,Ship_507,Container,2006,6058
508,Ship_508,Passenger,2005,153735
509,Ship_509,Reefer,1998,138168
510,Ship_510,Container,2011,98541
511,Ship_511,Passenger,1999,125967
512,Ship_512,Reefer,1980,77925
513,Ship_513,Bulk Carrier,2000,17976
514,Ship_514,Bulk Carrier,2010,109220
515,Ship_515,Passenger,1988,111364
516,Ship_516,Bulk Carrier,1994,50107
517,Ship_517,Bulk Carrier,2005,120780
518,Ship_518,Bulk Carrier,1991,154055
519,Ship_519,Container,1982,69146
520,Ship_520,Passenger,2012,171282
521,Ship_521,Passenger,2002,128317
522,Ship_522,Reefer,1980,66866
523,Ship_523,Tanker,1992,33520
524,Ship_524,Bulk Carrier,2019,140700
525,Ship_525,Reefer,2001,180482
526,Ship_526,Container,1997,152676
527,Ship_527,Tanker,1996,131351
528,Ship_528,Tanker,2006,193959
529,Ship_529,Bulk Carrier,1993,183967
530,Ship_530,Tanker,2004,121056
531,Ship_531,Reefer,2019,145414
532,Ship_532,Tanker,1995,151203
533,Ship_533,Tanker,2003,126615
534,Ship_534,Bulk Carrier,1993,31614
535,Ship_535,Passenger,1988,90257
536,Ship_536,Reefer,1990,80985
537,Ship_537,Tanker,1983,72784
538,Ship_538,Passenger,2007,109201
539,Ship_539,Passenger,2003,29494
540,Ship_540,Tanker,2010,7607
541,Ship_541,Passenger,2008,6297
542,Ship_542,Passenger,2018,111260
543,Ship_543,Container,1987,156633
544,Ship_544,Tanker,1997,185282
545,Ship_545,Tanker,2020,162079
546,Ship_546,Bulk Carrier,1994,152871
547,Ship_547,Passenger,1995,26782
548,Ship_548,Passenger,1989,142983
549,Ship_549,Container,1990,96867
550,Ship_550,Tanker,2014,96836
551,Ship_551,Passenger,2006,66536
552,Ship_552,Tanker,1990,85511
553,Ship_553,Bulk Carrier,1991,9343
554,Ship_554,Bulk Carrier,2013,63985
555,Ship_555,Tanker,1981,119535
556,Ship_556,Passenger,1981,146884
557,Ship_557,Container,1987,118299
558,Ship_558,Container,2000,124638
559,Ship_559,Reefer,2020,169294
560,Ship_560,Passenger,2017,192078
561,Ship_561,Bulk Carrier,1999,26901
562,Ship_562,Container,1984,14655
563,Ship_563,Tanker,1984,115419
564,Ship_564,Tanker,1997,54447
565,Ship_565,Passenger,1986,49840
566,Ship_566,Tanker,2020,191622
567,Ship_567,Tanker,2017,69197
568,Ship_568,Tanker,2007,15068
569,Ship_569,Passenger,2001,111242
570,Ship_570,Container,1988,199868
571,Ship_571,Passenger,1987,154999
572,Ship_572,Container,2005,165091
573,Ship_573,Tanker,2017,41518
574,Ship_574,Tanker,2018,50836
575,Ship_575,Reefer,2015,125496
576,Ship_576,Tanker,1980,170466
577,Ship_577,Passenger,1990,161566
578,Ship_578,Bulk Carrier,2004,52985
579,Ship_579,Reefer,1999,162650
580,Ship_580,Passenger,2004,132932
581,Ship_581,Reefer,2003,115736
582,Ship_582,Passenger,1997,172854
583,Ship_583,Bulk Carrier,2013,177194
584,Ship_584,Reefer,1987,48942
585,Ship_585,Bulk Carrier,1984,58284
586,Ship_586,Bulk Carrier,2000,70682
587,Ship_587,Reefer,1983,98793
588,Ship_588,Container,2009,35653
589,Ship_589,Bulk Carrier,2000,24290
590,Ship_590,Passenger,2012,196391
591,Ship_591,Passenger,1988,196111
592,Ship_592,Reefer,2008,134470
593,Ship_593,Tanker,1995,82965
594,Ship_594,Passenger,2012,17753
595,Ship_595,Container,1996,166643
596,Ship_596,Container,1983,127036
597,Ship_597,Bulk Carrier,1989,176253
598,Ship_598,Passenger,2016,134156
599,Ship_599,Reefer,2003,151108
600,Ship_600,Reefer,2002,66767
601,Ship_601,Reefer,1992,106246
602,Ship_602,Passenger,2018,141142
603,Ship_603,Container,1992,99923
604,Ship_604,Container,1998,150496
605,Ship_605,Passenger,1987,54082
606,Ship_606,Reefer,2011,88361
607,Ship_607,Passenger,1994,36768
608,Ship_608,Tanker,1992,162583
609,Ship_609,Passenger,2008,146552
610,Ship_610,Tanker,1996,172383
611,Ship_611,Reefer,1987,133270
612,Ship_612,Passenger,2007,92356
613,Ship_613,Bulk Carrier,1994,44755
614,Ship_614,Tanker,1999,79072
615,Ship_615,Reefer,2011,199404
616,Ship_616,Bulk Carrier,2013,180195
617,Ship_617,Passenger,2010,152795
618,Ship_618,Tanker,1984,20792
619,Ship_619,Bulk Carrier,2000,194942
620,Ship_620,Passenger,1996,139830
621,Ship_621,Bulk Carrier,2002,158420
622,Ship_622,Passenger,2003,79853
623,Ship_623,Container,1988,30610
624,Ship_624,Passenger,1996,179047
625,Ship_625,Reefer,1997,121396
626,Ship_626,Tanker,2014,91989
627,Ship_627,Tanker,1990,32627
628,Ship_628,Tanker,2019,57624
629,Ship_629,Tanker,1993,27240
630,Ship_630,Bulk Carrier,1984,191859
631,Ship_631,Tanker,2001,175327
632,Ship_632,Tanker,1987,18589
633,Ship_633,Reefer,1992,71067
634,Ship_634,Tanker,2020,95395
635,Ship_635,Container,2014,183697
636,Ship_636,Container,1986,110639
637,Ship_637,Reefer,2016,96350
638,Ship_638,Tanker,2004,150236
639,Ship_639,Tanker,1991,50270
640,Ship_640,Passenger,1992,28094
641,Ship_641,Tanker,1999,159305
642,Ship_642,Passenger,1985,198391
643,Ship_643,Passenger,1995,79550
644,Ship_644,Tanker,2011,30003
645,Ship_645,Container,2009,128358
646,Ship_646,Bulk Carrier,1989,72239
647,Ship_647,Reefer,1989,51591
648,Ship_648,Container,2014,158607
649,Ship_649,Passenger,1997,9820
650,Ship_650,Container,1982,23509
651,Ship_651,Reefer,2013,59545
652,Ship_652,Tanker,1995,46272
653,Ship_653,Container,2004,131177
654,Ship_654,Passenger,1990,149288
655,Ship_655,Container,1998,145101
656,Ship_656,Bulk Carrier,1981,61137
657,Ship_657,Passenger,2004,46691
658,Ship_658,Tanker,2015,176637
659,Ship_659,Bulk Carrier,2014,37669
660,Ship_660,Tanker,1997,99159
661,Ship_661,Container,1999,77254
662,Ship_662,Passenger,1995,117378
663,Ship_663,Reefer,2014,139635
664,Ship_664,Bulk Carrier,2001,107821
665,Ship_665,Passenger,2002,153056
666,Ship_666,Bulk Carrier,1988,79156
667,Ship_667,Container,1980,159063
668,Ship_668,Bulk Carrier,2020,44420
669,Ship_669,Tanker,2006,74722
670,Ship_670,Reefer,2016,65009
671,Ship_671,Bulk Carrier,2006,79833
672,Ship_672,Bulk Carrier,1987,101206
673,Ship_673,Passenger,2012,131742
674,Ship_674,Bulk Carrier,2005,26821
675,Ship_675,Container,2009,14637
676,Ship_676,Bulk Carrier,1990,89153
677,Ship_677,Bulk Carrier,2002,50884
678,Ship_678,Tanker,1996,142870
679,Ship_679,Tanker,2016,27645
680,Ship_680,Reefer,2018,45862
681,Ship_681,Passenger,2009,197849
682,Ship_682,Bulk Carrier,1984,183753
683,Ship_683,Container,2016,184780
684,Ship_684,Tanker,2012,198711
685,Ship_685,Passenger,2000,145962
686,Ship_686,Reefer,1987,25811
687,Ship_687,Passenger,2007,182585
688,Ship_688,Reefer,2003,6295
689,Ship_689,Passenger,2020,9528
690,Ship_690,Reefer,2009,86097
691,Ship_691,Tanker,1989,86271
692,Ship_692,Bulk Carrier,2008,6974
693,Ship_693,Container,1999,117009
694,Ship_694,Passenger,2004,164055
695,Ship_695,Tanker,1989,150753
696,Ship_696,Reefer,1993,12379
697,Ship_697,Bulk Carrier,1994,138896
698,Ship_698,Container,2019,177946
699,Ship_699,Tanker,1993,116414
700,Ship_700,Bulk Carrier,2017,140235
701,Ship_701,Tanker,2012,102094
702,Ship_702,Tanker,2005,56126
703,Ship_703,Tanker,1999,78475
704,Ship_704,Bulk Carrier,1997,180824
705,Ship_705,Passenger,2005,85932
706,Ship_706,Bulk Carrier,1996,80591
707,Ship_707,Bulk Carrier,1994,66139
708,Ship_708,Container,1993,78946
709,Ship_709,Passenger,2003,69380
710,Ship_710,Container,2006,148578
711,Ship_711,Reefer,1997,40453
712,Ship_712,Bulk Carrier,2000,193784
713,Ship_713,Tanker,2001,100250
714,Ship_714,Bulk Carrier,2006,37064
715,Ship_715,Passenger,1983,73696
716,Ship_716,Container,1987,104827
717,Ship_717,Reefer,1985,145041
718,Ship_718,Reefer,1993,109491
719,Ship_719,Container,1993,74410
720,Ship_720,Reefer,1983,39912
721,Ship_721,Reefer,2012,5151
722,Ship_722,Reefer,1992,176598
723,Ship_723,Container,1987,16643
724,Ship_724,Tanker,1996,92011
725,Ship_725,Tanker,2005,9924
726,Ship_726,Reefer,1987,79337
727,Ship_727,Tanker,2010,169456
728,Ship_728,Container,2005,145954
729,Ship_729,Passenger,1996,6868
730,Ship_730,Bulk Carrier,2009,24322
731,Ship_731,Tanker,1999,163343
732,Ship_732,Bulk Carrier,2004,64003
733,Ship_733,Tanker,2010,184458
734,Ship_734,Container,1984,61192
735,Ship_735,Tanker,2014,138127
736,Ship_736,Tanker,2018,171702
737,Ship_737,Reefer,1993,158050
738,Ship_738,Container,1994,140457
739,Ship_739,Reefer,1989,133252
740,Ship_740,Reefer,2002,115744
741,Ship_741,Reefer,1987,118531
742,Ship_742,Passenger,2007,70039
743,Ship_743,Bulk Carrier,2000,66577
744,Ship_744,Bulk Carrier,2013,196180
745,Ship_745,Reefer,2018,118039
746,Ship_746,Reefer,1995,82309
747,Ship_747,Reefer,2013,162651
748,Ship_748,Reefer,2005,142265
749,Ship_749,Reefer,1989,135857
750,Ship_750,Passenger,2018,183222
751,Ship_751,Bulk Carrier,1997,86647
752,Ship_752,Passenger,1995,178731
753,Ship_753,Passenger,2020,6985
754,Ship_754,Bulk Carrier,2008,48499
755,Ship_755,Bulk Carrier,2008,186193
756,Ship_756,Reefer,1992,79154
757,Ship_757,Reefer,1996,52497
758,Ship_758,Passenger,1997,157796
759,Ship_759,Passenger,2018,189819
760,Ship_760,Tanker,1993,176032
761,Ship_761,Bulk Carrier,1982,24300
762,Ship_762,Tanker,2015,72683
763,Ship_763,Reefer,1991,128235
764,Ship_764,Container,2008,134314
765,Ship_765,Bulk Carrier,2016,187895
766,Ship_766,Container,1981,185883
767,Ship_767,Passenger,1998,83468
768,Ship_768,Reefer,1994,7669
769,Ship_769,Bulk Carrier,2002,57553
770,Ship_770,Reefer,1994,96472
771,Ship_771,Container,1994,80194
772,Ship_772,Tanker,2020,45458
773,Ship_773,Tanker,1998,120027
774,Ship_774,Bulk Carrier,1994,42028
775,Ship_775,Reefer,1984,156676
776,Ship_776,Bulk Carrier,2018,188608
777,Ship_777,Passenger,1980,97982
778,Ship_778,Container,2003,159710
779,Ship_779,Tanker,1996,83152
780,Ship_780,Bulk Carrier,2014,171965
781,Ship_781,Container,1999,176737
782,Ship_782,Bulk Carrier,1982,40150
783,Ship_783,Passenger,1992,73502
784,Ship_784,Container,1987,144571
785,Ship_785,Bulk Carrier,2004,31533
786,Ship_786,Bulk Carrier,2011,180607
787,Ship_787,Passenger,2014,85908
788,Ship_788,Bulk Carrier,1998,192178
789,Ship_789,Passenger,1996,114859
790,Ship_790,Passenger,1992,197155
791,Ship_791,Tanker,2001,16534
792,Ship_792,Bulk Carrier,2001,101633
793,Ship_793,Bulk Carrier,2006,119533
794,Ship_794,Reefer,2011,139767
795,Ship_795,Passenger,1984,17585
796,Ship_796,Container,2006,125786
797,Ship_797,Passenger,1987,144837
798,Ship_798,Tanker,1992,38751
799,Ship_799,Container,1990,116788
800,Ship_800,Passenger,1991,180454
801,Ship_801,Container,2009,153707
802,Ship_802,Passenger,2013,96421
803,Ship_803,Reefer,2013,185653
804,Ship_804,Container,1995,52554
805,Ship_805,Reefer,1984,193260
806,Ship_806,Reefer,1983,141220
807,Ship_807,Reefer,1984,21556
808,Ship_808,Tanker,2012,82970
809,Ship_809,Tanker,1999,97608
810,Ship_810,Passenger,2011,61135
811,Ship_811,Reefer,2001,65497
812,Ship_812,Tanker,1982,129434
813,Ship_813,Passenger,2017,7004
814,Ship_814,Container,2005,26191
815,Ship_815,Tanker,1987,78886
816,Ship_816,Tanker,2019,174551
817,Ship_817,Bulk Carrier,2017,99114
818,Ship_818,Reefer,1998,185673
819,Ship_819,Reefer,2014,122656
820,Ship_820,Container,1993,165863
821,Ship_821,Passenger,1990,75390
822,Ship_822,Container,1985,24420
823,Ship_823,Container,2012,191446
824,Ship_824,Bulk Carrier,1987,141850
825,Ship_825,Reefer,2000,131046
826,Ship_826,Container,2019,149068
827,Ship_827,Passenger,2009,72119
828,Ship_828,Tanker,2013,155089
829,Ship_829,Bulk Carrier,1993,51273
830,Ship_830,Bulk Carrier,1996,164641
831,Ship_831,Passenger,2006,192630
832,Ship_832,Container,1981,149818
833,Ship_833,Passenger,1980,188610
834,Ship_834,Passenger,2017,29629
835,Ship_835,Tanker,1980,99793
836,Ship_836,Bulk Carrier,1984,146697
837,Ship_837,Reefer,2019,159135
838,Ship_838,Tanker,1986,132363
839,Ship_839,Container,1981,165954
840,Ship_840,Tanker,2000,93959
841,Ship_841,Reefer,1981,100634
842,Ship_842,Passenger,1991,152599
843,Ship_843,Reefer,2016,40049
844,Ship_844,Container,2001,153437
845,Ship_845,Passenger,2006,35664
846,Ship_846,Bulk Carrier,1997,38098
847,Ship_847,Tanker,1984,40691
848,Ship_848,Tanker,2003,174780
849,Ship_849,Passenger,2002,90180
850,Ship_850,Container,2009,66012
851,Ship_851,Bulk Carrier,2010,131173
852,Ship_852,Tanker,2010,87671
853,Ship_853,Passenger,2006,94914
854,Ship_854,Bulk Carrier,1985,101667
855,Ship_855,Passenger,1991,144402
856,Ship_856,Tanker,1984,178703
857,Ship_857,Tanker,2010,42117
858,Ship_858,Passenger,2004,78759
859,Ship_859,Tanker,1993,146925
860,Ship_860,Bulk Carrier,1986,52426
861,Ship_861,Passenger,1991,174469
862,Ship_862,Bulk Carrier,1983,57793
863,Ship_863,Tanker,2014,27793
864,Ship_864,Tanker,1989,77903
865,Ship_865,Tanker,2008,120469
866,Ship_866,Reefer,2012,160289
867,Ship_867,Reefer,1990,186837
868,Ship_868,Reefer,1987,22573
869,Ship_869,Container,2011,180775
870,Ship_870,Bulk Carrier,2014,117840
871,Ship_871,Passenger,2017,32486
872,Ship_872,Passenger,1991,79512
873,Ship_873,Passenger,2001,133026
874,Ship_874,Reefer,1993,120961
875,Ship_875,Bulk Carrier,2019,143386
876,Ship_876,Tanker,2014,73921
877,Ship_877,Tanker,2018,92665
878,Ship_878,Bulk Carrier,2011,9879
879,Ship_879,Reefer,1989,175406
880,Ship_880,Container,1997,144095
881,Ship_881,Bulk Carrier,1997,171018
882,Ship_882,Reefer,1988,34464
883,Ship_883,Reefer,2012,134097
884,Ship_884,Passenger,1991,172383
885,Ship_885,Reefer,2004,39910
886,Ship_886,Container,1981,40868
887,Ship_887,Reefer,2016,17720
888,Ship_888,Passenger,2019,135497
889,Ship_889,Reefer,1988,57785
890,Ship_890,Bulk Carrier,1992,99182
891,Ship_891,Container,2000,85472
892,Ship_892,Bulk Carrier,2018,197544
893,Ship_893,Container,2005,83369
894,Ship_894,Passenger,2005,76004
895,Ship_895,Tanker,1997,179060
896,Ship_896,Passenger,1982,94086
897,Ship_897,Reefer,2018,174369
898,Ship_898,Container,2019,44183
899,Ship_899,Container,1995,47358
900,Ship_900,Reefer,2010,143911
901,Ship_901,Container,2005,143317
902,Ship_902,Container,1989,65887
903,Ship_903,Bulk Carrier,1985,110690
904,Ship_904,Tanker,1985,143426
905,Ship_905,Reefer,1993,154268
906,Ship_906,Tanker,1994,44616
907,Ship_907,Bulk Carrier,1996,143376
908,Ship_908,Reefer,1999,175951
909,Ship_909,Bulk Carrier,1985,105704
910,Ship_910,Passenger,2010,121874
911,Ship_911,Passenger,1990,41425
912,Ship_912,Container,2004,169211
913,Ship_913,Passenger,1983,190187
914,Ship_914,Bulk Carrier,1998,119602
915,Ship_915,Tanker,1987,53611
916,Ship_916,Passenger,1997,98947
917,Ship_917,Tanker,2005,14617
918,Ship_918,Passenger,1980,100254
919,Ship_919,Passenger,1996,113466
920,Ship_920,Passenger,2004,135052
921,Ship_921,Bulk Carrier,1997,39546
922,Ship_922,Bulk Carrier,1982,161205
923,Ship_923,Tanker,1995,18066
924,Ship_924,Container,2018,33557
925,Ship_925,Reefer,1990,99905
926,Ship_926,Passenger,2017,148539
927,Ship_927,Bulk Carrier,2017,44527
928,Ship_928,Bulk Carrier,1987,125217
929,Ship_929,Reefer,1986,156286
930,Ship_930,Container,1998,8414
931,Ship_931,Container,1981,161818
932,Ship_932,Bulk Carrier,1997,15857
933,Ship_933,Bulk Carrier,2006,6077
934,Ship_934,Passenger,2020,77903
935,Ship_935,Bulk Carrier,2009,187851
936,Ship_936,Bulk Carrier,1992,31346
937,Ship_937,Container,1993,136864
938,Ship_938,Reefer,2011,143268
939,Ship_939,Tanker,2005,181209
940,Ship_940,Reefer,1984,184339
941,Ship_941,Reefer,2012,172524
942,Ship_942,Tanker,2008,29579
943,Ship_943,Passenger,1982,122498
944,Ship_944,Passenger,1989,111825
945,Ship_945,Bulk Carrier,1981,45385
946,Ship_946,Container,2009,187564
947,Ship_947,Bulk Carrier,2007,93749
948,Ship_948,Container,1991,83600
949,Ship_949,Bulk Carrier,1983,96918
950,Ship_950,Bulk Carrier,2017,197723
951,Ship_951,Bulk Carrier,1983,45757
952,Ship_952,Container,1997,121812
953,Ship_953,Bulk Carrier,2017,139097
954,Ship_954,Bulk Carrier,1998,17590
955,Ship_955,Tanker,2007,7608
956,Ship_956,Reefer,1995,52764
957,Ship_957,Bulk Carrier,2019,104029
958,Ship_958,Tanker,2002,95063
959,Ship_959,Reefer,1991,113969
960,Ship_960,Reefer,2015,29152
961,Ship_961,Reefer,2001,145873
962,Ship_962,Tanker,2016,158635
963,Ship_963,Container,1996,104774
964,Ship_964,Bulk Carrier,2010,66432
965,Ship_965,Bulk Carrier,2007,79409
966,Ship_966,Container,2015,67495
967,Ship_967,Bulk Carrier,2009,83785
968,Ship_968,Bulk Carrier,1986,26780
969,Ship_969,Passenger,1999,94558
970,Ship_970,Passenger,2012,75460
971,Ship_971,Bulk Carrier,1982,180669
972,Ship_972,Container,2001,23894
973,Ship_973,Tanker,1987,179324
974,Ship_974,Reefer,2009,160232
975,Ship_975,Container,1986,161600
976,Ship_976,Reefer,1990,112216
977,Ship_977,Reefer,1986,60340
978,Ship_978,Container,1997,92133
979,Ship_979,Passenger,1985,129152
980,Ship_980,Tanker,2019,32542
981,Ship_981,Passenger,1982,178914
982,Ship_982,Reefer,2008,124233
983,Ship_983,Container,1992,195209
984,Ship_984,Passenger,1984,162289
985,Ship_985,Reefer,1998,181134
986,Ship_986,Reefer,1986,165220
987,Ship_987,Passenger,1991,112388
988,Ship_988,Container,1981,41480
989,Ship_989,Bulk Carrier,1980,26568
990,Ship_990,Bulk Carrier,2012,104522
991,Ship_991,Bulk Carrier,2015,155369
992,Ship_992,Bulk Carrier,2020,108861
993,Ship_993,Passenger,2019,127692
994,Ship_994,Bulk Carrier,1983,177638
995,Ship_995,Tanker,2012,49743
996,Ship_996,Container,1992,165073
997,Ship_997,Bulk Carrier,1991,36197
998,Ship_998,Reefer,2001,103158
999,Ship_999,Reefer,2013,65969
1000,Ship_1000,Container,1989,71727
1001,Ship_1001,Passenger,1993,41519
1002,Ship_1002,Tanker,2017,34041
1003,Ship_1003,Passenger,1984,198524
1004,Ship_1004,Reefer,1996,176801
1005,Ship_1005,Container,2000,50221
1006,Ship_1006,Tanker,1998,5633
1007,Ship_1007,Passenger,2016,21261
1008,Ship_1008,Tanker,1990,84802
1009,Ship_1009,Tanker,1984,17665
1010,Ship_1010,Passenger,2002,20819
1011,Ship_1011,Container,2020,52791
1012,Ship_1012,Container,2012,129453
1013,Ship_1013,Tanker,2003,98939
1014,Ship_1014,Reefer,1993,116311
1015,Ship_1015,Container,1995,174693
1016,Ship_1016,Passenger,2019,164072
1017,Ship_1017,Container,2011,115896
1018,Ship_1018,Passenger,2007,122523
1019,Ship_1019,Container,1986,87344
1020,Ship_1020,Reefer,2016,96462
1021,Ship_1021,Tanker,2015,9408
1022,Ship_1022,Bulk Carrier,2003,28453
1023,Ship_1023,Container,2014,189044
1024,Ship_1024,Container,1981,50406
1025,Ship_1025,Tanker,1984,154819
1026,Ship_1026,Bulk Carrier,2015,35523
1027,Ship_1027,Bulk Carrier,2013,76173
1028,Ship_1028,Passenger,1994,193601
1029,Ship_1029,Reefer,1995,50477
1030,Ship_1030,Bulk Carrier,1998,182822
1031,Ship_1031,Reefer,1989,151094
1032,Ship_1032,Container,2000,116190
1033,Ship_1033,Tanker,1996,44004
1034,Ship_1034,Bulk Carrier,2015,143552
1035,Ship_1035,Bulk Carrier,1993,8638
1036,Ship_1036,Container,1989,147656
1037,Ship_1037,Container,1992,7158
1038,Ship_1038,Bulk Carrier,1992,55804
1039,Ship_1039,Reefer,1985,87446
1040,Ship_1040,Passenger,2001,50725
1041,Ship_1041,Reefer,2013,28425
1042,Ship_1042,Bulk Carrier,2010,155518
1043,Ship_1043,Reefer,1985,73203
1044,Ship_1044,Container,2006,146923
1045,Ship_1045,Tanker,2013,142174
1046,Ship_1046,Reefer,2019,115245
1047,Ship_1047,Container,2013,72002
1048,Ship_1048,Reefer,2012,158775
1049,Ship_1049,Passenger,1992,131179
1050,Ship_1050,Passenger,2018,106097
1051,Ship_1051,Tanker,2015,81926
1052,Ship_1052,Reefer,2019,98853
1053,Ship_1053,Reefer,2007,95272
1054,Ship_1054,Container,1992,174574
1055,Ship_1055,Container,2002,36930
1056,Ship_1056,Container,2005,162697
1057,Ship_1057,Bulk Carrier,1996,29214
1058,Ship_1058,Passenger,1992,141772
1059,Ship_1059,Tanker,2012,33507
1060,Ship_1060,Reefer,2004,54607
1061,Ship_1061,Bulk Carrier,2004,47056
1062,Ship_1062,Passenger,2012,180534
1063,Ship_1063,Bulk Carrier,2002,35730
1064,Ship_1064,Reefer,2012,118530
1065,Ship_1065,Bulk Carrier,1985,88355
1066,Ship_1066,Reefer,2017,49224
1067,Ship_1067,Tanker,1985,92600
1068,Ship_1068,Container,2009,42439
1069,Ship_1069,Reefer,2018,13083
1070,Ship_1070,Passenger,2020,47718
1071,Ship_1071,Bulk Carrier,2009,46019
1072,Ship_1072,Bulk Carrier,1981,174265
1073,Ship_1073,Container,1987,150308
1074,Ship_1074,Container,2016,132057
1075,Ship_1075,Passenger,1994,102010
1076,Ship_1076,Reefer,1992,49158
1077,Ship_1077,Passenger,2014,32883
1078,Ship_1078,Passenger,1997,49470
1079,Ship_1079,Bulk Carrier,1990,6317
1080,Ship_1080,Reefer,2013,71671
1081,Ship_1081,Container,1989,10067
1082,Ship_1082,Bulk Carrier,2007,140800
1083,Ship_1083,Tanker,2000,9103
1084,Ship_1084,Passenger,2006,40380
1085,Ship_1085,Reefer,2002,59340
1086,Ship_1086,Bulk Carrier,1983,150820
1087,Ship_1087,Passenger,2012,173691
1088,Ship_1088,Container,2018,16446
1089,Ship_1089,Passenger,2004,144453
1090,Ship_1090,Passenger,2017,170876
1091,Ship_1091,Container,2018,100616
1092,Ship_1092,Tanker,1992,132078
1093,Ship_1093,Bulk Carrier,2018,155068
1094,Ship_1094,Reefer,1994,22467
1095,Ship_1095,Bulk Carrier,1998,42946
1096,Ship_1096,Bulk Carrier,2020,20166
1097,Ship_1097,Bulk Carrier,1991,170435
1098,Ship_1098,Reefer,2012,45438
1099,Ship_1099,Reefer,2016,131797
1100,Ship_1100,Passenger,1981,31293
1101,Ship_1101,Passenger,2011,108130
1102,Ship_1102,Reefer,2019,69329
1103,Ship_1103,Reefer,2016,96054
1104,Ship_1104,Tanker,1984,66996
1105,Ship_1105,Reefer,2001,159039
1106,Ship_1106,Tanker,2006,69453
1107,Ship_1107,Tanker,2018,99241
1108,Ship_1108,Tanker,2019,143627
1109,Ship_1109,Bulk Carrier,1993,178319
1110,Ship_1110,Reefer,2014,104934
1111,Ship_1111,Passenger,1991,198391
1112,Ship_1112,Reefer,2019,167863
1113,Ship_1113,Container,2000,61350
1114,Ship_1114,Container,2007,76466
1115,Ship_1115,Passenger,2020,22568
1116,Ship_1116,Bulk Carrier,2003,48819
1117,Ship_1117,Reefer,1982,131558
1118,Ship_1118,Tanker,1992,38820
1119,Ship_1119,Bulk Carrier,1998,93184
1120,Ship_1120,Tanker,1990,90402
1121,Ship_1121,Bulk Carrier,2009,17981
1122,Ship_1122,Tanker,1981,25362
1123,Ship_1123,Tanker,2016,107026
1124,Ship_1124,Reefer,2007,100726
1125,Ship_1125,Passenger,1982,58241
1126,Ship_1126,Tanker,1994,122590
1127,Ship_1127,Passenger,2015,177212
1128,Ship_1128,Bulk Carrier,1981,196904
1129,Ship_1129,Passenger,1994,109151
1130,Ship_1130,Reefer,2012,199954
1131,Ship_1131,Container,1980,81685
1132,Ship_1132,Tanker,2004,110440
1133,Ship_1133,Tanker,1993,20383
1134,Ship_1134,Container,1986,74524
1135,Ship_1135,Reefer,1988,197851
1136,Ship_1136,Reefer,1981,168771
1137,Ship_1137,Reefer,1986,101745
1138,Ship_1138,Passenger,1993,36969
1139,Ship_1139,Container,1980,11991
1140,Ship_1140,Tanker,1982,100278
1141,Ship_1141,Container,2017,196654
1142,Ship_1142,Passenger,2010,100928
1143,Ship_1143,Reefer,1999,80163
1144,Ship_1144,Tanker,1991,156608
1145,Ship_1145,Reefer,2009,159370
1146,Ship_1146,Tanker,2012,95773
1147,Ship_1147,Container,2009,109797
1148,Ship_1148,Passenger,2007,51724
1149,Ship_1149,Tanker,2004,33712
1150,Ship_1150,Tanker,1980,106784
1151,Ship_1151,Container,2013,135621
1152,Ship_1152,Reefer,2008,94233
1153,Ship_1153,Bulk Carrier,2008,29494
1154,Ship_1154,Bulk Carrier,2001,141614
1155,Ship_1155,Reefer,2009,115160
1156,Ship_1156,Bulk Carrier,1991,22324
1157,Ship_1157,Tanker,2018,40331
1158,Ship_1158,Reefer,2017,95570
1159,Ship_1159,Reefer,1988,105582
1160,Ship_1160,Container,2020,101604
1161,Ship_1161,Bulk Carrier,2008,21986
1162,Ship_1162,Passenger,1999,15438
1163,Ship_1163,Reefer,1985,162850
1164,Ship_1164,Container,1986,149904
1165,Ship_1165,Tanker,1997,174658
1166,Ship_1166,Container,1990,92970
1167,Ship_1167,Container,2020,31089
1168,Ship_1168,Bulk Carrier,1982,186705
1169,Ship_1169,Container,2015,93230
1170,Ship_1170,Container,2018,45324
1171,Ship_1171,Bulk Carrier,1981,141791
1172,Ship_1172,Passenger,1996,193976
1173,Ship_1173,Passenger,1981,17427
1174,Ship_1174,Passenger,2009,48565
1175,Ship_1175,Container,1997,76327
1176,Ship_1176,Passenger,1988,36402
1177,Ship_1177,Passenger,1997,194101
1178,Ship_1178,Container,1982,106938
1179,Ship_1179,Reefer,1996,90675
1180,Ship_1180,Tanker,1998,110915
1181,Ship_1181,Passenger,1991,182497
1182,Ship_1182,Passenger,2007,49450
1183,Ship_1183,Passenger,2002,140645
1184,Ship_1184,Container,1988,82799
1185,Ship_1185,Bulk Carrier,1991,78804
1186,Ship_1186,Bulk Carrier,1995,64255
1187,Ship_1187,Tanker,2012,195612
1188,Ship_1188,Container,2013,10259
1189,Ship_1189,Reefer,1981,162113
1190,Ship_1190,Reefer,2020,150383
1191,Ship_1191,Bulk Carrier,1993,160216
1192,Ship_1192,Container,2004,124666
1193,Ship_1193,Tanker,2009,97046
1194,Ship_1194,Container,2014,75126
1195,Ship_1195,Bulk Carrier,1981,155451
1196,Ship_1196,Bulk Carrier,1995,56258
1197,Ship_1197,Tanker,2011,165346
1198,Ship_1198,Reefer,1986,77203
1199,Ship_1199,Tanker,2010,60478
1200,Ship_1200,Bulk Carrier,2011,20550
1201,Ship_1201,Tanker,2005,22572
1202,Ship_1202,Container,1983,146443
1203,Ship_1203,Reefer,2010,146210
1204,Ship_1204,Reefer,2014,103990
1205,Ship_1205,Reefer,2009,177779
1206,Ship_1206,Bulk Carrier,2017,68307
1207,Ship_1207,Container,2013,103551
1208,Ship_1208,Reefer,2016,167720
1209,Ship_1209,Passenger,1987,8395
1210,Ship_1210,Reefer,2006,133691
1211,Ship_1211,Passenger,1990,152377
1212,Ship_1212,Passenger,2005,132799
1213,Ship_1213,Bulk Carrier,2015,196915
1214,Ship_1214,Container,2005,8502
1215,Ship_1215,Reefer,2018,14523
1216,Ship_1216,Tanker,2001,136607
1217,Ship_1217,Tanker,1981,174617
1218,Ship_1218,Passenger,2016,86453
1219,Ship_1219,Reefer,2016,21521
1220,Ship_1220,Reefer,2003,34168
1221,Ship_1221,Container,1996,145407
1222,Ship_1222,Bulk Carrier,2009,153756
1223,Ship_1223,Bulk Carrier,1983,150641
1224,Ship_1224,Bulk Carrier,1984,105235
1225,Ship_1225,Tanker,1999,199401
1226,Ship_1226,Passenger,1980,66532
1227,Ship_1227,Bulk Carrier,1998,143799
1228,Ship_1228,Bulk Carrier,1982,169887
1229,Ship_1229,Reefer,2009,197265
1230,Ship_1230,Reefer,1990,162813
1231,Ship_1231,Reefer,2017,171641
1232,Ship_1232,Tanker,1991,182677
1233,Ship_1233,Tanker,2009,142103
1234,Ship_1234,Passenger,2003,169672
1235,Ship_1235,Container,2005,160078
1236,Ship_1236,Bulk Carrier,1982,118765
1237,Ship_1237,Tanker,2013,126416
1238,Ship_1238,Passenger,2007,125335
1239,Ship_1239,Container,2012,111287
1240,Ship_1240,Passenger,2000,86978
1241,Ship_1241,Container,1989,123120
1242,Ship_1242,Tanker,1994,172713
1243,Ship_1243,Tanker,1990,25953
1244,Ship_1244,Reefer,2019,172913
1245,Ship_1245,Passenger,2019,42290
1246,Ship_1246,Bulk Carrier,2015,83438
1247,Ship_1247,Reefer,1990,38582
1248,Ship_1248,Reefer,1983,15142
1249,Ship_1249,Bulk Carrier,1990,45368
1250,Ship_1250,Tanker,2000,152070
1251,Ship_1251,Reefer,1991,173172
1252,Ship_1252,Passenger,1989,126504
1253,Ship_1253,Bulk Carrier,1993,88661
1254,Ship_1254,Tanker,2000,190882
1255,Ship_1255,Tanker,2019,33760
1256,Ship_1256,Passenger,1998,155291
1257,Ship_1257,Container,1988,74794
1258,Ship_1258,Reefer,1998,6900
1259,Ship_1259,Tanker,1996,67781
1260,Ship_1260,Bulk Carrier,1993,81473
1261,Ship_1261,Container,1991,109392
1262,Ship_1262,Passenger,2016,87762
1263,Ship_1263,Container,2010,31009
1264,Ship_1264,Reefer,1995,138391
1265,Ship_1265,Tanker,2018,88248
1266,Ship_1266,Reefer,2006,104773
1267,Ship_1267,Reefer,2008,41570
1268,Ship_1268,Tanker,1980,172912
1269,Ship_1269,Reefer,2000,52435
1270,Ship_1270,Bulk Carrier,1985,152265
1271,Ship_1271,Passenger,1980,50302
1272,Ship_1272,Passenger,1993,162778
1273,Ship_1273,Bulk Carrier,1994,92537
1274,Ship_1274,Reefer,2006,85862
1275,Ship_1275,Passenger,1985,131003
1276,Ship_1276,Tanker,1996,11524
1277,Ship_1277,Reefer,2012,155823
1278,Ship_1278,Bulk Carrier,2020,96072
1279,Ship_1279,Reefer,2008,152653
1280,Ship_1280,Container,1991,127019
1281,Ship_1281,Bulk Carrier,1994,122252
1282,Ship_1282,Container,2017,163290
1283,Ship_1283,Passenger,2016,61979
1284,Ship_1284,Container,2008,19619
1285,Ship_1285,Reefer,2012,192240
1286,Ship_1286,Container,2003,77430
1287,Ship_1287,Tanker,2004,122287
1288,Ship_1288,Container,1993,143700
1289,Ship_1289,Container,2011,172488
1290,Ship_1290,Bulk Carrier,2005,135356
1291,Ship_1291,Container,1991,53944
1292,Ship_1292,Container,2005,52752
1293,Ship_1293,Container,2015,196009
1294,Ship_1294,Tanker,2002,151591
1295,Ship_1295,Passenger,2010,116904
1296,Ship_1296,Tanker,1982,41389
1297,Ship_1297,Container,2002,8778
1298,Ship_1298,Bulk Carrier,1988,143108
1299,Ship_1299,Bulk Carrier,2001,130252
1300,Ship_1300,Tanker,1985,34152
1301,Ship_1301,Tanker,2011,51025
1302,Ship_1302,Reefer,2018,118381
1303,Ship_1303,Reefer,1984,96791
1304,Ship_1304,Passenger,1994,31478
1305,Ship_1305,Bulk Carrier,1994,53416
1306,Ship_1306,Tanker,2013,151740
1307,Ship_1307,Reefer,1986,104201
1308,Ship_1308,Reefer,1980,110320
1309,Ship_1309,Tanker,2017,53240
1310,Ship_1310,Container,1985,45121
1311,Ship_1311,Container,2018,68619
1312,Ship_1312,Tanker,2016,60270
1313,Ship_1313,Reefer,1988,113684
1314,Ship_1314,Reefer,1985,19598
1315,Ship_1315,Tanker,2008,85457
1316,Ship_1316,Reefer,1998,142288
1317,Ship_1317,Passenger,1992,119424
1318,Ship_1318,Tanker,2000,71890
1319,Ship_1319,Container,2003,92252
1320,Ship_1320,Passenger,1999,45758
1321,Ship_1321,Tanker,2012,33449
1322,Ship_1322,Container,1984,94956
1323,Ship_1323,Bulk Carrier,2014,79450
1324,Ship_1324,Container,1987,76265
1325,Ship_1325,Reefer,2018,107195
1326,Ship_1326,Bulk Carrier,2003,15780
1327,Ship_1327,Container,2007,85763
1328,Ship_1328,Bulk Carrier,1987,151415
1329,Ship_1329,Tanker,2003,44170
1330,Ship_1330,Reefer,2012,141405
1331,Ship_1331,Bulk Carrier,2002,29352
1332,Ship_1332,Reefer,1988,56439
1333,Ship_1333,Tanker,2014,196720
1334,Ship_1334,Tanker,1984,109191
1335,Ship_1335,Bulk Carrier,2006,188836
1336,Ship_1336,Bulk Carrier,1994,80536
1337,Ship_1337,Passenger,1993,191251
1338,Ship_1338,Passenger,1984,143977
1339,Ship_1339,Tanker,1984,127493
1340,Ship_1340,Container,2000,99910
1341,Ship_1341,Passenger,2014,177980
1342,Ship_1342,Bulk Carrier,2002,32241
1343,Ship_1343,Bulk Carrier,2019,96820
1344,Ship_1344,Bulk Carrier,2020,23446
1345,Ship_1345,Tanker,1984,162770
1346,Ship_1346,Passenger,2010,102931
1347,Ship_1347,Bulk Carrier,2001,109338
1348,Ship_1348,Bulk Carrier,2002,91078
1349,Ship_1349,Tanker,2000,103534
1350,Ship_1350,Reefer,2007,117515
1351,Ship_1351,Reefer,2000,183558
1352,Ship_1352,Reefer,1981,43888
1353,Ship_1353,Container,2014,154779
1354,Ship_1354,Container,2013,85395
1355,Ship_1355,Reefer,2010,12929
1356,Ship_1356,Reefer,2001,46027
1357,Ship_1357,Tanker,1981,81151
1358,Ship_1358,Reefer,2009,77531
1359,Ship_1359,Passenger,1982,113061
1360,Ship_1360,Tanker,2008,126668
1361,Ship_1361,Container,2020,199691
1362,Ship_1362,Bulk Carrier,2005,136856
1363,Ship_1363,Reefer,1985,124571
1364,Ship_1364,Bulk Carrier,1983,47799
1365,Ship_1365,Bulk Carrier,1982,117866
1366,Ship_1366,Container,2006,186064
1367,Ship_1367,Passenger,1997,36280
1368,Ship_1368,Passenger,2004,43382
1369,Ship_1369,Bulk Carrier,2009,132020
1370,Ship_1370,Reefer,2016,63200
1371,Ship_1371,Bulk Carrier,1991,79752
1372,Ship_1372,Container,1985,52575
1373,Ship_1373,Passenger,2013,81035
1374,Ship_1374,Container,1990,190913
1375,Ship_1375,Passenger,2000,149803
1376,Ship_1376,Container,1983,78446
1377,Ship_1377,Passenger,1984,27893
1378,Ship_1378,Bulk Carrier,2018,64472
1379,Ship_1379,Reefer,2001,181898
1380,Ship_1380,Passenger,2002,70117
1381,Ship_1381,Passenger,2004,156528
1382,Ship_1382,Bulk Carrier,1981,107849
1383,Ship_1383,Reefer,1981,11602
1384,Ship_1384,Tanker,1989,123172
1385,Ship_1385,Passenger,2018,145406
1386,Ship_1386,Bulk Carrier,2013,28182
1387,Ship_1387,Container,2008,58060
1388,Ship_1388,Bulk Carrier,1981,169593
1389,Ship_1389,Container,2016,87845
1390,Ship_1390,Container,1995,7924
1391,Ship_1391,Tanker,1999,120627
1392,Ship_1392,Container,2011,113583
1393,Ship_1393,Container,1989,174117
1394,Ship_1394,Tanker,1993,30429
1395,Ship_1395,Passenger,2008,145261
1396,Ship_1396,Tanker,1988,137262
1397,Ship_1397,Reefer,2002,65212
1398,Ship_1398,Bulk Carrier,1988,180814
1399,Ship_1399,Passenger,1997,167546
1400,Ship_1400,Tanker,1998,42956
1401,Ship_1401,Container,1987,136507
1402,Ship_1402,Tanker,1983,95489
1403,Ship_1403,Passenger,1989,119022
1404,Ship_1404,Passenger,1993,146609
1405,Ship_1405,Tanker,2017,77637
1406,Ship_1406,Reefer,1985,140090
1407,Ship_1407,Reefer,2001,142086
1408,Ship_1408,Passenger,2017,148608
1409,Ship_1409,Tanker,2007,184240
1410,Ship_1410,Passenger,2015,46743
1411,Ship_1411,Tanker,1982,197388
1412,Ship_1412,Container,2010,158300
1413,Ship_1413,Tanker,1999,162847
1414,Ship_1414,Passenger,1999,108635
1415,Ship_1415,Container,1997,157312
1416,Ship_1416,Passenger,1999,114094
1417,Ship_1417,Passenger,1985,39417
1418,Ship_1418,Bulk Carrier,2019,134140
1419,Ship_1419,Bulk Carrier,1993,37440
1420,Ship_1420,Reefer,2009,51259
1421,Ship_1421,Reefer,2001,194476
1422,Ship_1422,Reefer,2003,67883
1423,Ship_1423,Bulk Carrier,1993,180502
1424,Ship_1424,Container,2005,145492
1425,Ship_1425,Container,1981,99871
1426,Ship_1426,Bulk Carrier,2011,193929
1427,Ship_1427,Passenger,2009,7277
1428,Ship_1428,Tanker,1987,52606
1429,Ship_1429,Tanker,1992,70619
1430,Ship_1430,Container,1996,90526
1431,Ship_1431,Bulk Carrier,2003,77893
1432,Ship_1432,Reefer,2010,30109
1433,Ship_1433,Reefer,1996,77865
1434,Ship_1434,Tanker,2014,171005
1435,Ship_1435,Reefer,1980,10146
1436,Ship_1436,Passenger,1990,44689
1437,Ship_1437,Tanker,1997,187790
1438,Ship_1438,Reefer,2007,199830
1439,Ship_1439,Bulk Carrier,1992,59753
1440,Ship_1440,Bulk Carrier,2014,65745
1441,Ship_1441,Reefer,1986,58132
1442,Ship_1442,Tanker,1994,17832
1443,Ship_1443,Bulk Carrier,2001,102109
1444,Ship_1444,Passenger,2011,88417
1445,Ship_1445,Reefer,2011,120194
1446,Ship_1446,Passenger,2015,20046
1447,Ship_1447,Container,2007,49393
1448,Ship_1448,Bulk Carrier,2008,117077
1449,Ship_1449,Tanker,1989,68676
1450,Ship_1450,Tanker,1990,5895
1451,Ship_1451,Tanker,1994,12451
1452,Ship_1452,Bulk Carrier,1983,157150
1453,Ship_1453,Bulk Carrier,1989,161518
1454,Ship_1454,Container,2012,197774
1455,Ship_1455,Passenger,2012,154274
1456,Ship_1456,Reefer,2005,185088
1457,Ship_1457,Container,1980,156194
1458,Ship_1458,Passenger,2009,194696
1459,Ship_1459,Tanker,2001,111683
1460,Ship_1460,Reefer,2007,43991
1461,Ship_1461,Passenger,2004,135852
1462,Ship_1462,Container,2020,12303
1463,Ship_1463,Tanker,2010,40494
1464,Ship_1464,Tanker,2000,19326
1465,Ship_1465,Tanker,1987,79941
1466,Ship_1466,Passenger,1988,93768
1467,Ship_1467,Passenger,2014,102972
1468,Ship_1468,Tanker,2015,48597
1469,Ship_1469,Tanker,1981,189882
1470,Ship_1470,Passenger,1998,19827
1471,Ship_1471,Tanker,2000,17143
1472,Ship_1472,Bulk Carrier,2007,185684
1473,Ship_1473,Tanker,2004,43707
1474,Ship_1474,Bulk Carrier,2010,129569
1475,Ship_1475,Container,1989,194045
1476,Ship_1476,Passenger,1986,18349
1477,Ship_1477,Container,2009,190276
1478,Ship_1478,Container,1999,154444
1479,Ship_1479,Passenger,2003,24480
1480,Ship_1480,Bulk Carrier,2002,103036
1481,Ship_1481,Passenger,1983,23108
1482,Ship_1482,Reefer,1985,15737
1483,Ship_1483,Passenger,1997,120873
1484,Ship_1484,Reefer,2008,37210
1485,Ship_1485,Tanker,2002,170793
1486,Ship_1486,Tanker,1998,116293
1487,Ship_1487,Container,2008,135861
1488,Ship_1488,Container,1995,19056
1489,Ship_1489,Passenger,1990,96487
1490,Ship_1490,Passenger,1985,69835
1491,Ship_1491,Container,1996,47745
1492,Ship_1492,Tanker,1991,181462
1493,Ship_1493,Reefer,1986,132429
1494,Ship_1494,Tanker,2015,173072
1495,Ship_1495,Container,1998,133734
1496,Ship_1496,Container,1990,68823
1497,Ship_1497,Bulk Carrier,2006,60935
1498,Ship_1498,Passenger,2002,48368
1499,Ship_1499,Container,1983,65258
1500,Ship_1500,Bulk Carrier,1987,19942
1501,Ship_1501,Tanker,1983,86768
1502,Ship_1502,Container,1980,62511
1503,Ship_1503,Reefer,1987,19000
1504,Ship_1504,Tanker,1987,170882
1505,Ship_1505,Passenger,1991,35393
1506,Ship_1506,Tanker,2000,58199
1507,Ship_1507,Passenger,2010,25006
1508,Ship_1508,Container,2019,41724
1509,Ship_1509,Passenger,2002,14936
1510,Ship_1510,Tanker,1981,43476
1511,Ship_1511,Passenger,1983,135027
1512,Ship_1512,Tanker,1987,155641
1513,Ship_1513,Tanker,1987,192696
1514,Ship_1514,Reefer,1980,155006
1515,Ship_1515,Bulk Carrier,2006,157372
1516,Ship_1516,Reefer,2020,67851
1517,Ship_1517,Container,2007,31812
1518,Ship_1518,Reefer,2006,19207
1519,Ship_1519,Tanker,1990,97123
1520,Ship_1520,Passenger,1996,78088
1521,Ship_1521,Bulk Carrier,2011,113176
1522,Ship_1522,Bulk Carrier,1982,182555
1523,Ship_1523,Passenger,1992,63528
1524,Ship_1524,Reefer,2007,195398
1525,Ship_1525,Reefer,2007,164167
1526,Ship_1526,Bulk Carrier,2005,167773
1527,Ship_1527,Bulk Carrier,1993,181673
1528,Ship_1528,Reefer,1981,175684
1529,Ship_1529,Tanker,1988,9051
1530,Ship_1530,Reefer,2002,15564
1531,Ship_1531,Container,2009,83971
1532,Ship_1532,Bulk Carrier,1993,154821
1533,Ship_1533,Tanker,2007,60159
1534,Ship_1534,Container,2014,16103
1535,Ship_1535,Bulk Carrier,2003,180107
1536,Ship_1536,Tanker,2002,159643
1537,Ship_1537,Passenger,2003,106669
1538,Ship_1538,Reefer,1992,194148
1539,Ship_1539,Passenger,1990,14346
1540,Ship_1540,Passenger,1983,176333
1541,Ship_1541,Tanker,2011,194234
1542,Ship_1542,Tanker,1996,189266
1543,Ship_1543,Passenger,2004,99826
1544,Ship_1544,Container,1992,20764
1545,Ship_1545,Tanker,1998,104576
1546,Ship_1546,Passenger,2012,134968
1547,Ship_1547,Bulk Carrier,1985,16185
1548,Ship_1548,Passenger,2003,124833
1549,Ship_1549,Reefer,1997,47726
1550,Ship_1550,Tanker,2007,56821
1551,Ship_1551,Tanker,2002,55337
1552,Ship_1552,Container,2020,42377
1553,Ship_1553,Reefer,2003,175566
1554,Ship_1554,Container,2008,38522
1555,Ship_1555,Container,2009,138074
1556,Ship_1556,Passenger,2002,163974
1557,Ship_1557,Tanker,2005,136735
1558,Ship_1558,Container,2003,9875
1559,Ship_1559,Tanker,2004,166971
1560,Ship_1560,Reefer,2013,122727
1561,Ship_1561,Tanker,2000,81897
1562,Ship_1562,Reefer,1991,136532
1563,Ship_1563,Tanker,2003,71825
1564,Ship_1564,Container,2005,72292
1565,Ship_1565,Reefer,1991,160619
1566,Ship_1566,Tanker,2004,145464
1567,Ship_1567,Reefer,1993,60957
1568,Ship_1568,Tanker,1980,44123
1569,Ship_1569,Passenger,1995,160557
1570,Ship_1570,Bulk Carrier,2007,154458
1571,Ship_1571,Tanker,2007,63554
1572,Ship_1572,Passenger,1996,164503
1573,Ship_1573,Tanker,1987,58773
1574,Ship_1574,Passenger,1997,128865
1575,Ship_1575,Reefer,1994,119867
1576,Ship_1576,Container,2008,111980
1577,Ship_1577,Tanker,1984,174242
1578,Ship_1578,Reefer,2017,177556
1579,Ship_1579,Tanker,1992,112712
1580,Ship_1580,Bulk Carrier,2009,77515
1581,Ship_1581,Tanker,1992,153380
1582,Ship_1582,Bulk Carrier,1981,137380
1583,Ship_1583,Container,1989,137925
1584,Ship_1584,Bulk Carrier,2020,12410
1585,Ship_1585,Container,1983,9601
1586,Ship_1586,Tanker,2001,56753
1587,Ship_1587,Reefer,1985,116428
1588,Ship_1588,Container,2012,177735
1589,Ship_1589,Bulk Carrier,2006,157152
1590,Ship_1590,Bulk Carrier,1992,152072
1591,Ship_1591,Tanker,1988,86979
1592,Ship_1592,Container,2010,54160
1593,Ship_1593,Reefer,1998,51889
1594,Ship_1594,Reefer,2018,64658
1595,Ship_1595,Reefer,1986,181827
1596,Ship_1596,Reefer,2020,52127
1597,Ship_1597,Tanker,2007,10271
1598,Ship_1598,Container,1985,59654
1599,Ship_1599,Tanker,2012,101996
1600,Ship_1600,Tanker,2007,54374
1601,Ship_1601,Tanker,1994,153536
1602,Ship_1602,Container,1990,77858
1603,Ship_1603,Passenger,1996,43194
1604,Ship_1604,Tanker,2006,40000
1605,Ship_1605,Tanker,1983,105105
1606,Ship_1606,Reefer,2008,77718
1607,Ship_1607,Passenger,2009,130041
1608,Ship_1608,Bulk Carrier,2004,96652
1609,Ship_1609,Container,1998,120479
1610,Ship_1610,Tanker,2000,150253
1611,Ship_1611,Passenger,2003,139836
1612,Ship_1612,Passenger,1994,178585
1613,Ship_1613,Bulk Carrier,2020,125622
1614,Ship_1614,Passenger,1984,144427
1615,Ship_1615,Tanker,1994,196781
1616,Ship_1616,Container,1991,58326
1617,Ship_1617,Passenger,2006,49328
1618,Ship_1618,Container,1989,97498
1619,Ship_1619,Bulk Carrier,1983,138663
1620,Ship_1620,Bulk Carrier,1989,189481
1621,Ship_1621,Bulk Carrier,1980,134799
1622,Ship_1622,Bulk Carrier,1997,5379
1623,Ship_1623,Reefer,1990,108029
1624,Ship_1624,Passenger,1995,48610
1625,Ship_1625,Bulk Carrier,2006,89701
1626,Ship_1626,Reefer,1980,88333
1627,Ship_1627,Container,2012,24948
1628,Ship_1628,Tanker,2002,192064
1629,Ship_1629,Reefer,2011,58193
1630,Ship_1630,Container,1984,127394
1631,Ship_1631,Container,2010,172923
1632,Ship_1632,Passenger,2002,160677
1633,Ship_1633,Passenger,2011,162152
1634,Ship_1634,Tanker,2017,189570
1635,Ship_1635,Passenger,1982,32516
1636,Ship_1636,Tanker,2004,171043
1637,Ship_1637,Bulk Carrier,1988,93325
1638,Ship_1638,Passenger,2011,34506
1639,Ship_1639,Passenger,1980,28887
1640,Ship_1640,Passenger,2001,146636
1641,Ship_1641,Bulk Carrier,2009,97013
1642,Ship_1642,Bulk Carrier,2011,12428
1643,Ship_1643,Container,2003,103475
1644,Ship_1644,Tanker,2013,103493
1645,Ship_1645,Bulk Carrier,2004,147575
1646,Ship_1646,Bulk Carrier,2010,143799
1647,Ship_1647,Bulk Carrier,1984,92706
1648,Ship_1648,Bulk Carrier,2013,25621
1649,Ship_1649,Passenger,1997,27695
1650,Ship_1650,Tanker,2013,131692
1651,Ship_1651,Passenger,1980,135371
1652,Ship_1652,Reefer,2005,21305
1653,Ship_1653,Container,1993,89181
1654,Ship_1654,Reefer,1983,153150
1655,Ship_1655,Passenger,2006,135717
1656,Ship_1656,Reefer,2019,46280
1657,Ship_1657,Container,1986,60115
1658,Ship_1658,Passenger,2002,143222
1659,Ship_1659,Bulk Carrier,1986,188141
1660,Ship_1660,Tanker,2014,75794
1661,Ship_1661,Container,1986,61404
1662,Ship_1662,Bulk Carrier,1999,148835
1663,Ship_1663,Reefer,1997,122327
1664,Ship_1664,Passenger,1996,81026
1665,Ship_1665,Passenger,2013,45099
1666,Ship_1666,Reefer,1994,79964
1667,Ship_1667,Bulk Carrier,1990,144356
1668,Ship_1668,Bulk Carrier,1982,176352
1669,Ship_1669,Bulk Carrier,1994,55790
1670,Ship_1670,Passenger,1983,182317
1671,Ship_1671,Bulk Carrier,1994,35907
1672,Ship_1672,Passenger,1985,94400
1673,Ship_1673,Container,2002,27213
1674,Ship_1674,Passenger,2013,8006
1675,Ship_1675,Tanker,2014,79200
1676,Ship_1676,Container,1995,39549
1677,Ship_1677,Reefer,2012,21074
1678,Ship_1678,Passenger,2018,63057
1679,Ship_1679,Bulk Carrier,1987,176400
1680,Ship_1680,Container,1989,147632
1681,Ship_1681,Reefer,1991,80698
1682,Ship_1682,Passenger,1994,141969
1683,Ship_1683,Container,2017,96521
1684,Ship_1684,Tanker,2016,144661
1685,Ship_1685,Tanker,2006,120878
1686,Ship_1686,Bulk Carrier,2005,70536
1687,Ship_1687,Bulk Carrier,2013,76623
1688,Ship_1688,Container,2014,33916
1689,Ship_1689,Container,1992,51034
1690,Ship_1690,Container,1998,101429
1691,Ship_1691,Bulk Carrier,2013,33262
1692,Ship_1692,Tanker,2012,26603
1693,Ship_1693,Reefer,2003,52362
1694,Ship_1694,Container,1991,175550
1695,Ship_1695,Container,2005,159133
1696,Ship_1696,Reefer,2017,76518
1697,Ship_1697,Reefer,2019,142039
1698,Ship_1698,Passenger,1997,121234
1699,Ship_1699,Reefer,1985,57055
1700,Ship_1700,Tanker,1983,128190
1701,Ship_1701,Bulk Carrier,1999,72499
1702,Ship_1702,Bulk Carrier,2008,135386
1703,Ship_1703,Tanker,1980,102087
1704,Ship_1704,Tanker,1987,128605
1705,Ship_1705,Reefer,1995,119799
1706,Ship_1706,Tanker,1995,38302
1707,Ship_1707,Bulk Carrier,2007,88333
1708,Ship_1708,Reefer,1994,78948
1709,Ship_1709,Reefer,1985,194479
1710,Ship_1710,Reefer,1984,25229
1711,Ship_1711,Reefer,1987,197817
1712,Ship_1712,Container,2014,41260
1713,Ship_1713,Reefer,1998,51287
1714,Ship_1714,Reefer,1980,119416
1715,Ship_1715,Container,2001,135768
1716,Ship_1716,Bulk Carrier,2015,94589
1717,Ship_1717,Passenger,2002,177830
1718,Ship_1718,Passenger,2011,43909
1719,Ship_1719,Reefer,1990,159655
1720,Ship_1720,Passenger,2006,14612
1721,Ship_1721,Reefer,2003,77090
1722,Ship_1722,Passenger,1990,167115
1723,Ship_1723,Passenger,2005,160778
1724,Ship_1724,Bulk Carrier,2003,153955
1725,Ship_1725,Bulk Carrier,2019,180979
1726,Ship_1726,Tanker,1989,195220
1727,Ship_1727,Tanker,2008,51495
1728,Ship_1728,Passenger,2000,160973
1729,Ship_1729,Tanker,2003,53152
1730,Ship_1730,Tanker,2020,112428
1731,Ship_1731,Container,2006,33914
1732,Ship_1732,Bulk Carrier,2015,41267
1733,Ship_1733,Container,2003,134598
1734,Ship_1734,Tanker,1995,88420
1735,Ship_1735,Passenger,2005,47611
1736,Ship_1736,Passenger,1984,20984
1737,Ship_1737,Reefer,1997,176004
1738,Ship_1738,Container,2015,53401
1739,Ship_1739,Tanker,2011,13398
1740,Ship_1740,Bulk Carrier,2002,108146
1741,Ship_1741,Reefer,2010,197690
1742,Ship_1742,Bulk Carrier,2014,82850
1743,Ship_1743,Container,1980,118175
1744,Ship_1744,Tanker,1997,30594
1745,Ship_1745,Container,2007,8233
1746,Ship_1746,Passenger,2012,178465
1747,Ship_1747,Bulk Carrier,1980,32168
1748,Ship_1748,Bulk Carrier,2013,98853
1749,Ship_1749,Reefer,2001,130472
1750,Ship_1750,Reefer,1983,15065
1751,Ship_1751,Tanker,2002,128690
1752,Ship_1752,Container,1997,60997
1753,Ship_1753,Passenger,1998,112500
1754,Ship_1754,Reefer,2020,125559
1755,Ship_1755,Reefer,1992,104787
1756,Ship_1756,Passenger,2020,37608
1757,Ship_1757,Container,1982,5343
1758,Ship_1758,Passenger,2018,142953
1759,Ship_1759,Reefer,2006,119220
1760,Ship_1760,Tanker,1995,77441
1761,Ship_1761,Bulk Carrier,1999,107990
1762,Ship_1762,Reefer,2015,109882
1763,Ship_1763,Container,2017,83473
1764,Ship_1764,Passenger,1983,132214
1765,Ship_1765,Bulk Carrier,1992,73256
1766,Ship_1766,Reefer,1981,19133
1767,Ship_1767,Container,2020,157868
1768,Ship_1768,Tanker,2018,46496
1769,Ship_1769,Container,2019,40394
1770,Ship_1770,Bulk Carrier,1993,189301
1771,Ship_1771,Passenger,1982,158665
1772,Ship_1772,Passenger,1999,175306
1773,Ship_1773,Bulk Carrier,1995,148336
1774,Ship_1774,Passenger,1981,70686
1775,Ship_1775,Passenger,1993,132643
1776,Ship_1776,Passenger,1998,150738
1777,Ship_1777,Passenger,2014,27134
1778,Ship_1778,Reefer,1990,193987
1779,Ship_1779,Passenger,1980,85733
1780,Ship_1780,Container,2005,82239
1781,Ship_1781,Container,1987,49324
1782,Ship_1782,Reefer,1982,55692
1783,Ship_1783,Reefer,2017,76440
1784,Ship_1784,Passenger,1987,193136
1785,Ship_1785,Bulk Carrier,1999,80211
1786,Ship_1786,Bulk Carrier,2003,146843
1787,Ship_1787,Bulk Carrier,2002,38583
1788,Ship_1788,Container,1988,94574
1789,Ship_1789,Passenger,1996,196808
1790,Ship_1790,Tanker,1996,164474
1791,Ship_1791,Reefer,2010,188727
1792,Ship_1792,Bulk Carrier,2002,28618
1793,Ship_1793,Bulk Carrier,1992,104990
1794,Ship_1794,Reefer,2010,172859
1795,Ship_1795,Passenger,2017,27546
1796,Ship_1796,Tanker,2007,49602
1797,Ship_1797,Reefer,1984,169908
1798,Ship_1798,Reefer,2011,15130
1799,Ship_1799,Tanker,2015,140600
1800,Ship_1800,Tanker,1982,179528
1801,Ship_1801,Bulk Carrier,2020,21852
1802,Ship_1802,Tanker,1984,124804
1803,Ship_1803,Reefer,2019,123112
1804,Ship_1804,Bulk Carrier,1982,19380
1805,Ship_1805,Reefer,1993,154888
1806,Ship_1806,Tanker,1985,26491
1807,Ship_1807,Tanker,2005,87224
1808,Ship_1808,Reefer,1997,65272
1809,Ship_1809,Passenger,2004,72926
1810,Ship_1810,Reefer,1999,169717
1811,Ship_1811,Container,1995,148828
1812,Ship_1812,Bulk Carrier,1992,41746
1813,Ship_1813,Container,2018,146031
1814,Ship_1814,Passenger,1998,93392
1815,Ship_1815,Container,2010,165366
1816,Ship_1816,Bulk Carrier,1998,87476
1817,Ship_1817,Passenger,1984,80622
1818,Ship_1818,Bulk Carrier,2010,40194
1819,Ship_1819,Reefer,1999,198409
1820,Ship_1820,Tanker,1998,179389
1821,Ship_1821,Reefer,2003,41776
1822,Ship_1822,Passenger,1990,72648
1823,Ship_1823,Container,1983,175100
1824,Ship_1824,Bulk Carrier,2004,66107
1825,Ship_1825,Reefer,2000,184230
1826,Ship_1826,Reefer,1999,187867
1827,Ship_1827,Bulk Carrier,2014,144147
1828,Ship_1828,Bulk Carrier,1996,58941
1829,Ship_1829,Container,1995,20447
1830,Ship_1830,Passenger,2007,187294
1831,Ship_1831,Bulk Carrier,1997,31500
1832,Ship_1832,Container,2009,131518
1833,Ship_1833,Bulk Carrier,1989,38476
1834,Ship_1834,Passenger,1996,58911
1835,Ship_1835,Reefer,1994,192148
1836,Ship_1836,Reefer,1997,78298
1837,Ship_1837,Reefer,1983,184702
1838,Ship_1838,Bulk Carrier,1985,97865
1839,Ship_1839,Tanker,1992,165080
1840,Ship_1840,Passenger,2001,167146
1841,Ship_1841,Container,1987,187369
1842,Ship_1842,Bulk Carrier,1997,46914
1843,Ship_1843,Passenger,1980,114135
1844,Ship_1844,Reefer,1996,97008
1845,Ship_1845,Reefer,2009,154242
1846,Ship_1846,Bulk Carrier,1980,50108
1847,Ship_1847,Reefer,1989,53941
1848,Ship_1848,Reefer,2009,198783
1849,Ship_1849,Container,2001,181881
1850,Ship_1850,Passenger,2013,42714
1851,Ship_1851,Passenger,1987,178929
1852,Ship_1852,Passenger,2011,169647
1853,Ship_1853,Tanker,2007,82907
1854,Ship_1854,Reefer,2015,37416
1855,Ship_1855,Passenger,2013,128035
1856,Ship_1856,Passenger,1981,115309
1857,Ship_1857,Tanker,2001,156577
1858,Ship_1858,Tanker,2007,181545
1859,Ship_1859,Reefer,2009,153621
1860,Ship_1860,Bulk Carrier,2006,171892
1861,Ship_1861,Bulk Carrier,1982,48857
1862,Ship_1862,Passenger,1991,35149
1863,Ship_1863,Tanker,1981,175505
1864,Ship_1864,Passenger,2006,198629
1865,Ship_1865,Tanker,1999,161692
1866,Ship_1866,Bulk Carrier,2020,105566
1867,Ship_1867,Reefer,2000,36783
1868,Ship_1868,Container,2010,80508
1869,Ship_1869,Passenger,2012,79464
1870,Ship_1870,Container,2014,51785
1871,Ship_1871,Container,1991,172663
1872,Ship_1872,Passenger,1988,165786
1873,Ship_1873,Tanker,2004,47062
1874,Ship_1874,Tanker,1986,44084
1875,Ship_1875,Reefer,2011,93833
1876,Ship_1876,Container,1988,35751
1877,Ship_1877,Bulk Carrier,2006,18574
1878,Ship_1878,Bulk Carrier,2006,22198
1879,Ship_1879,Passenger,1981,157294
1880,Ship_1880,Container,1987,57870
1881,Ship_1881,Container,1994,49614
1882,Ship_1882,Tanker,1994,66584
1883,Ship_1883,Tanker,2001,133573
1884,Ship_1884,Container,1997,80661
1885,Ship_1885,Reefer,2004,189963
1886,Ship_1886,Passenger,2015,190988
1887,Ship_1887,Tanker,2019,169720
1888,Ship_1888,Container,2015,146701
1889,Ship_1889,Tanker,2019,8351
1890,Ship_1890,Reefer,2019,53051
1891,Ship_1891,Reefer,2020,119456
1892,Ship_1892,Container,1990,54000
1893,Ship_1893,Passenger,2001,196544
1894,Ship_1894,Reefer,2013,41718
1895,Ship_1895,Reefer,1980,155386
1896,Ship_1896,Tanker,1989,135571
1897,Ship_1897,Passenger,1986,12674
1898,Ship_1898,Tanker,2010,48627
1899,Ship_1899,Reefer,2010,21921
1900,Ship_1900,Passenger,1990,110580
1901,Ship_1901,Bulk Carrier,2004,13031
1902,Ship_1902,Bulk Carrier,1986,195954
1903,Ship_1903,Passenger,1987,132602
1904,Ship_1904,Container,2015,148259
1905,Ship_1905,Bulk Carrier,2005,180621
1906,Ship_1906,Container,1985,152568
1907,Ship_1907,Reefer,2000,138278
1908,Ship_1908,Bulk Carrier,2018,43663
1909,Ship_1909,Reefer,2014,84545
1910,Ship_1910,Reefer,2015,190212
1911,Ship_1911,Bulk Carrier,1992,125688
1912,Ship_1912,Container,2004,115443
1913,Ship_1913,Bulk Carrier,1982,94512
1914,Ship_1914,Bulk Carrier,1981,61541
1915,Ship_1915,Container,2014,97314
1916,Ship_1916,Tanker,1982,11870
1917,Ship_1917,Reefer,1980,85155
1918,Ship_1918,Container,2004,176647
1919,Ship_1919,Tanker,2002,11354
1920,Ship_1920,Container,1995,77700
1921,Ship_1921,Passenger,1987,91230
1922,Ship_1922,Tanker,2010,147937
1923,Ship_1923,Bulk Carrier,2020,114844
1924,Ship_1924,Container,2014,54802
1925,Ship_1925,Tanker,2011,88576
1926,Ship_1926,Passenger,2016,7029
1927,Ship_1927,Passenger,1995,63495
1928,Ship_1928,Container,2002,47238
1929,Ship_1929,Passenger,1995,197691
1930,Ship_1930,Reefer,2009,73168
1931,Ship_1931,Bulk Carrier,2018,107805
1932,Ship_1932,Passenger,1998,130355
1933,Ship_1933,Bulk Carrier,2012,9142
1934,Ship_1934,Passenger,1995,86396
1935,Ship_1935,Reefer,2007,19095
1936,Ship_1936,Reefer,2009,51446
1937,Ship_1937,Reefer,1983,58729
1938,Ship_1938,Bulk Carrier,1980,44228
1939,Ship_1939,Bulk Carrier,1982,193674
1940,Ship_1940,Bulk Carrier,2016,87461
1941,Ship_1941,Reefer,1983,124052
1942,Ship_1942,Passenger,2018,101637
1943,Ship_1943,Tanker,1995,37026
1944,Ship_1944,Reefer,2009,132754
1945,Ship_1945,Bulk Carrier,1993,18870
1946,Ship_1946,Bulk Carrier,1993,10076
1947,Ship_1947,Container,2014,165405
1948,Ship_1948,Bulk Carrier,2013,47884
1949,Ship_1949,Container,1987,169327
1950,Ship_1950,Bulk Carrier,2010,70679
1951,Ship_1951,Container,2000,58134
1952,Ship_1952,Reefer,2001,79849
1953,Ship_1953,Container,2003,113705
1954,Ship_1954,Reefer,2017,29024
1955,Ship_1955,Reefer,2007,171162
1956,Ship_1956,Bulk Carrier,2007,118936
1957,Ship_1957,Passenger,1991,133724
1958,Ship_1958,Reefer,1998,186451
1959,Ship_1959,Reefer,1984,18891
1960,Ship_1960,Tanker,2020,54094
1961,Ship_1961,Tanker,2005,199003
1962,Ship_1962,Bulk Carrier,1992,145436
1963,Ship_1963,Tanker,2011,37471
1964,Ship_1964,Bulk Carrier,2003,195314
1965,Ship_1965,Tanker,2015,16437
1966,Ship_1966,Passenger,2006,32959
1967,Ship_1967,Bulk Carrier,1994,163223
1968,Ship_1968,Tanker,2007,37181
1969,Ship_1969,Reefer,2005,181890
1970,Ship_1970,Reefer,1990,42397
1971,Ship_1971,Tanker,2009,156491
1972,Ship_1972,Container,2015,184032
1973,Ship_1973,Tanker,1996,25403
1974,Ship_1974,Passenger,2004,141608
1975,Ship_1975,Container,1988,174717
1976,Ship_1976,Bulk Carrier,2004,86742
1977,Ship_1977,Container,1992,101519
1978,Ship_1978,Tanker,2008,161776
1979,Ship_1979,Reefer,2018,195867
1980,Ship_1980,Container,2005,28642
1981,Ship_1981,Container,2019,169314
1982,Ship_1982,Reefer,2018,101221
1983,Ship_1983,Reefer,2010,112960
1984,Ship_1984,Passenger,2018,177746
1985,Ship_1985,Bulk Carrier,2000,125681
1986,Ship_1986,Container,1986,29647
1987,Ship_1987,Reefer,1980,180237
1988,Ship_1988,Reefer,2019,40224
1989,Ship_1989,Reefer,1996,126824
1990,Ship_1990,Container,1985,131866
1991,Ship_1991,Tanker,1980,196455
1992,Ship_1992,Container,1994,105325
1993,Ship_1993,Tanker,2018,171819
1994,Ship_1994,Reefer,1984,165159
1995,Ship_1995,Reefer,1999,71946
1996,Ship_1996,Tanker,2010,32790
1997,Ship_1997,Passenger,2016,180184
1998,Ship_1998,Container,1993,145866
1999,Ship_1999,Reefer,2003,10430
2000,Ship_2000,Container,2017,190620
